Workbook

Sheet README
A1: General Insurance Loss Reserving Model
A2: Chain-Ladder + Bornhuetter-Ferguson | Commercial Auto Liability
A4: Data Source | B4: CAS (Casualty Actuarial Society) Loss Reserving Database, sourced from NAIC Schedule P statutory filings.
A5: Company | B5: State Farm Mutual Automobile Insurance Group (NAIC Group Code 1767)
A6: Line of Business | B6: Commercial Auto Liability
A7: Valuation Date | B7: As of calendar year-end 1997 (10 accident years: 1988-1997, evaluated at up to 10 years of development)
A8: Units | B8: All dollar figures in $000s (thousands), net of reinsurance, as reported to NAIC.
A10: What this workbook does | B10: Only the ~$1.87B of paid losses booked through 1997 is known with certainty for recent accident
B11: years. This model estimates the UNPAID portion (the loss reserve) using two independent
B12: actuarial methods, then cross-checks both against the company's own booked statutory reserve.
A14: Sheet 2: Triangle_Data | B14: Raw inputs -- cumulative paid-loss triangle, incurred-loss triangle (reference), earned
B15: premium, and the company's booked reserve.
A16: Sheet 3: Chain_Ladder | B16: Development-factor method: age-to-age factors -> cumulative development factors ->
B17: projected ultimate losses -> reserve.
A18: Sheet 4: Bornhuetter_Ferguson | B18: Blends an a priori expected loss ratio with the Chain-Ladder's % reported, weighted
B19: toward the prior for the least-mature accident years.
A20: Sheet 5: Summary | B20: Side-by-side comparison of both methods vs. the company's booked reserve, with a chart.
A22: Companion files | B22: Reserve_Bootstrap.py runs a bootstrap simulation on this triangle to turn the single-point
B23: Chain-Ladder estimate into a full reserve distribution (a range, not just one number).
B24: Actuarial_Memo.pdf documents conclusions and judgment calls as a real reserving memo would.
A26: Key judgment calls | B26: Tail factor = 1.010 beyond 120 months (Chain_Ladder!C17, editable).
B27: A priori loss ratio (BF) = 65.0%, set from mature-year (Dev Lag >= 8) CL-implied loss
B28: ratios (~68.5% avg.), rounded down for conservatism (Bornhuetter_Ferguson!C5, editable).

Sheet Triangle_Data
A1: Triangle_Data
A2: Raw inputs, sourced from CAS Schedule P (comauto_pos.csv) -- hard-coded facts, not formulas
A4: Cumulative Paid Losses, Net of Reinsurance ($000s)
A5: Accident Year | B5: Dev 1 | C5: Dev 2 | D5: Dev 3 | E5: Dev 4 | F5: Dev 5 | G5: Dev 6 | H5: Dev 7 | I5: Dev 8 | J5: Dev 9 | K5: Dev 10
A6: 1988 | B6: 54699 | C6: 108337 | D6: 143899 | E6: 164818 | F6: 179538 | G6: 185391 | H6: 188023 | I6: 189759 | J6: 190520 | K6: 193499
A7: 1989 | B7: 60091 | C7: 119366 | D7: 151151 | E7: 174665 | F7: 185469 | G7: 192213 | H7: 196152 | I7: 198013 | J7: 199997
A8: 1990 | B8: 65860 | C8: 130803 | D8: 172390 | E8: 197977 | F8: 210230 | G8: 219267 | H8: 222428 | I8: 224078
A9: 1991 | B9: 61946 | C9: 121108 | D9: 158880 | E9: 182689 | F9: 195247 | G9: 201854 | H9: 204911
A10: 1992 | B10: 65043 | C10: 128550 | D10: 164433 | E10: 187508 | F10: 199823 | G10: 208008
A11: 1993 | B11: 72295 | C11: 144579 | D11: 185446 | E11: 208388 | F11: 219345
A12: 1994 | B12: 81988 | C12: 151197 | D12: 189630 | E12: 212446
A13: 1995 | B13: 83207 | C13: 152470 | D13: 190974
A14: 1996 | B14: 79699 | C14: 143590
A15: 1997 | B15: 75827
A18: Cumulative Incurred (Case + Paid) Losses, Net of Reinsurance ($000s) -- reference only
A19: Accident Year | B19: Dev 1 | C19: Dev 2 | D19: Dev 3 | E19: Dev 4 | F19: Dev 5 | G19: Dev 6 | H19: Dev 7 | I19: Dev 8 | J19: Dev 9 | K19: Dev 10
A20: 1988 | B20: 172262 | C20: 180112 | D20: 187158 | E20: 188775 | F20: 190569 | G20: 190701 | H20: 190344 | I20: 191752 | J20: 192087 | K20: 194099
A21: 1989 | B21: 192154 | C21: 198550 | D21: 196977 | E21: 197877 | F21: 198265 | G21: 198957 | H21: 200108 | I21: 200044 | J21: 201101
A22: 1990 | B22: 215766 | C22: 218769 | D22: 222694 | E22: 225682 | F22: 226110 | G22: 226247 | H22: 226698 | I22: 226739
A23: 1991 | B23: 208425 | C23: 207219 | D23: 207811 | E23: 211186 | F23: 210054 | G23: 208456 | H23: 207581
A24: 1992 | B24: 216172 | C24: 217665 | D24: 216400 | E24: 214510 | F24: 212937 | G24: 214979
A25: 1993 | B25: 237378 | C25: 237679 | D25: 237253 | E25: 233699 | F25: 231958
A26: 1994 | B26: 249592 | C26: 248849 | D26: 242493 | E26: 243140
A27: 1995 | B27: 256434 | C27: 249225 | D27: 238468
A28: 1996 | B28: 237860 | C28: 227353
A29: 1997 | B29: 220029
A32: Earned Premium, Net of Reinsurance ($000s)
A33: Accident Year | B33: Earned Premium
A34: 1988 | B34: 286378
A35: 1989 | B35: 308908
A36: 1990 | B36: 326503
A37: 1991 | B37: 332616
A38: 1992 | B38: 341890
A39: 1993 | B39: 355840
A40: 1994 | B40: 379781
A41: 1995 | B41: 398755
A42: 1996 | B42: 406609
A43: 1997 | B43: 406516
A46: Company's Total Posted Statutory Reserve, YE1997 (all accident years combined, $000s)
A47: Posted Reserve | B47: 360657

Sheet Chain_Ladder
A1: Chain_Ladder
A2: Volume-Weighted Average Age-to-Age Development Method
A4: Age-to-Age Development Factors (Volume-Weighted Average)
B5: 1 → 2 | C5: 2 → 3 | D5: 3 → 4 | E5: 4 → 5 | F5: 5 → 6 | G5: 6 → 7 | H5: 7 → 8 | I5: 8 → 9 | J5: 9 → 10
A6: Volume-Weighted Factor | B6: =SUM(Triangle_Data!C6:C14)/SUM(Triangle_Data!B6:B14) -> 1.9205285 | C6: =SUM(Triangle_Data!D6:D13)/SUM(Triangle_Data!C6:C13) -> 1.2843527 | D6: =SUM(Triangle_Data!E6:E12)/SUM(Triangle_Data!D6:D12) -> 1.1395248 | E6: =SUM(Triangle_Data!F6:F11)/SUM(Triangle_Data!E6:E11) -> 1.0659534 | F6: =SUM(Triangle_Data!G6:G10)/SUM(Triangle_Data!F6:F10) -> 1.0375407 | G6: =SUM(Triangle_Data!H6:H9)/SUM(Triangle_Data!G6:G9) -> 1.0160118 | H6: =SUM(Triangle_Data!I6:I8)/SUM(Triangle_Data!H6:H8) -> 1.0086498 | I6: =SUM(Triangle_Data!J6:J7)/SUM(Triangle_Data!I6:I7) -> 1.0070789 | J6: =SUM(Triangle_Data!K6:K6)/SUM(Triangle_Data!J6:J6) -> 1.0156362
A7: Selected Factor | B7: =B6 -> 1.9205285 | C7: =C6 -> 1.2843527 | D7: =D6 -> 1.1395248 | E7: =E6 -> 1.0659534 | F7: =F6 -> 1.0375407 | G7: =G6 -> 1.0160118 | H7: =H6 -> 1.0086498 | I7: =I6 -> 1.0070789 | J7: =J6 -> 1.0156362
A9: Tail Factor Assumption (Dev 10 → Ultimate) | B9: 1.01
A11: Cumulative Development Factors (CDF) to Ultimate
B12: Dev 1 | C12: Dev 2 | D12: Dev 3 | E12: Dev 4 | F12: Dev 5 | G12: Dev 6 | H12: Dev 7 | I12: Dev 8 | J12: Dev 9 | K12: Dev 10
A13: CDF to Ultimate | B13: =B7*C13 -> 3.2910491 | C13: =C7*D13 -> 1.7136164 | D13: =D7*E13 -> 1.3342257 | E13: =E7*F13 -> 1.1708616 | F13: =F7*G13 -> 1.0984172 | G13: =G7*H13 -> 1.0586738 | H13: =H7*I13 -> 1.0419897 | I13: =I7*J13 -> 1.033054 | J13: =J7*K13 -> 1.0257925 | K13: =B9 -> 1.01
A16: Projected Ultimate Losses & Reserve by Accident Year
A17: Accident Year | B17: Paid-to-Date (Latest Diagonal) | C17: Dev Lag (Maturity) | D17: CDF to Ultimate | E17: Projected Ultimate Loss | F17: IBNR + Case Reserve (CL)
A18: =Triangle_Data!A6 -> 1988 | B18: =LOOKUP(9.99E+307,Triangle_Data!B6:K6) -> 193499 | C18: =COUNT(Triangle_Data!B6:K6) -> 10 | D18: =INDEX($B$13:$K$13,C18) -> 1.01 | E18: =B18*D18 -> 195433.99 | F18: =E18-B18 -> 1934.99
A19: =Triangle_Data!A7 -> 1989 | B19: =LOOKUP(9.99E+307,Triangle_Data!B7:K7) -> 199997 | C19: =COUNT(Triangle_Data!B7:K7) -> 9 | D19: =INDEX($B$13:$K$13,C19) -> 1.0257925 | E19: =B19*D19 -> 205155.43 | F19: =E19-B19 -> 5158.4257
A20: =Triangle_Data!A8 -> 1990 | B20: =LOOKUP(9.99E+307,Triangle_Data!B8:K8) -> 224078 | C20: =COUNT(Triangle_Data!B8:K8) -> 8 | D20: =INDEX($B$13:$K$13,C20) -> 1.033054 | E20: =B20*D20 -> 231484.67 | F20: =E20-B20 -> 7406.6742
A21: =Triangle_Data!A9 -> 1991 | B21: =LOOKUP(9.99E+307,Triangle_Data!B9:K9) -> 204911 | C21: =COUNT(Triangle_Data!B9:K9) -> 7 | D21: =INDEX($B$13:$K$13,C21) -> 1.0419897 | E21: =B21*D21 -> 213515.16 | F21: =E21-B21 -> 8604.1554
A22: =Triangle_Data!A10 -> 1992 | B22: =LOOKUP(9.99E+307,Triangle_Data!B10:K10) -> 208008 | C22: =COUNT(Triangle_Data!B10:K10) -> 6 | D22: =INDEX($B$13:$K$13,C22) -> 1.0586738 | E22: =B22*D22 -> 220212.62 | F22: =E22-B22 -> 12204.624
A23: =Triangle_Data!A11 -> 1993 | B23: =LOOKUP(9.99E+307,Triangle_Data!B11:K11) -> 219345 | C23: =COUNT(Triangle_Data!B11:K11) -> 5 | D23: =INDEX($B$13:$K$13,C23) -> 1.0984172 | E23: =B23*D23 -> 240932.31 | F23: =E23-B23 -> 21587.314
A24: =Triangle_Data!A12 -> 1994 | B24: =LOOKUP(9.99E+307,Triangle_Data!B12:K12) -> 212446 | C24: =COUNT(Triangle_Data!B12:K12) -> 4 | D24: =INDEX($B$13:$K$13,C24) -> 1.1708616 | E24: =B24*D24 -> 248744.85 | F24: =E24-B24 -> 36298.854
A25: =Triangle_Data!A13 -> 1995 | B25: =LOOKUP(9.99E+307,Triangle_Data!B13:K13) -> 190974 | C25: =COUNT(Triangle_Data!B13:K13) -> 3 | D25: =INDEX($B$13:$K$13,C25) -> 1.3342257 | E25: =B25*D25 -> 254802.42 | F25: =E25-B25 -> 63828.423
A26: =Triangle_Data!A14 -> 1996 | B26: =LOOKUP(9.99E+307,Triangle_Data!B14:K14) -> 143590 | C26: =COUNT(Triangle_Data!B14:K14) -> 2 | D26: =INDEX($B$13:$K$13,C26) -> 1.7136164 | E26: =B26*D26 -> 246058.17 | F26: =E26-B26 -> 102468.17
A27: =Triangle_Data!A15 -> 1997 | B27: =LOOKUP(9.99E+307,Triangle_Data!B15:K15) -> 75827 | C27: =COUNT(Triangle_Data!B15:K15) -> 1 | D27: =INDEX($B$13:$K$13,C27) -> 3.2910491 | E27: =B27*D27 -> 249550.38 | F27: =E27-B27 -> 173723.38
A28: Total | B28: =SUM(B18:B27) -> 1872675 | E28: =SUM(E18:E27) -> 2305890 | F28: =SUM(F18:F27) -> 433215.01

Sheet Bornhuetter_Ferguson
A1: Bornhuetter_Ferguson
A2: Blends an a priori expected loss ratio with the % of losses reported to date
A4: A Priori Expected Loss Ratio (ELR) | B4: 0.65
A6: Accident Year | B6: Earned Premium | C6: A Priori ELR | D6: Expected Losses (Prem × ELR) | E6: CDF to Ultimate | F6: % Unreported (1 − 1/CDF) | G6: Expected Unreported Losses | H6: Paid-to- Date | I6: BF Ultimate Loss | J6: BF Reserve (IBNR)
A7: =Triangle_Data!A34 -> 1988 | B7: =Triangle_Data!B34 -> 286378 | C7: =$B$4 -> 0.65 | D7: =B7*C7 -> 186145.7 | E7: =Chain_Ladder!D18 -> 1.01 | F7: =1-1/E7 -> 0.0099009901 | G7: =D7*F7 -> 1843.0267 | H7: =Chain_Ladder!B18 -> 193499 | I7: =H7+G7 -> 195342.03 | J7: =I7-H7 -> 1843.0267
A8: =Triangle_Data!A35 -> 1989 | B8: =Triangle_Data!B35 -> 308908 | C8: =$B$4 -> 0.65 | D8: =B8*C8 -> 200790.2 | E8: =Chain_Ladder!D19 -> 1.0257925 | F8: =1-1/E8 -> 0.025143989 | G8: =D8*F8 -> 5048.6665 | H8: =Chain_Ladder!B19 -> 199997 | I8: =H8+G8 -> 205045.67 | J8: =I8-H8 -> 5048.6665
A9: =Triangle_Data!A36 -> 1990 | B9: =Triangle_Data!B36 -> 326503 | C9: =$B$4 -> 0.65 | D9: =B9*C9 -> 212226.95 | E9: =Chain_Ladder!D20 -> 1.033054 | F9: =1-1/E9 -> 0.031996391 | G9: =D9*F9 -> 6790.4965 | H9: =Chain_Ladder!B20 -> 224078 | I9: =H9+G9 -> 230868.5 | J9: =I9-H9 -> 6790.4965
A10: =Triangle_Data!A37 -> 1991 | B10: =Triangle_Data!B37 -> 332616 | C10: =$B$4 -> 0.65 | D10: =B10*C10 -> 216200.4 | E10: =Chain_Ladder!D21 -> 1.0419897 | F10: =1-1/E10 -> 0.040297633 | G10: =D10*F10 -> 8712.3644 | H10: =Chain_Ladder!B21 -> 204911 | I10: =H10+G10 -> 213623.36 | J10: =I10-H10 -> 8712.3644
A11: =Triangle_Data!A38 -> 1992 | B11: =Triangle_Data!B38 -> 341890 | C11: =$B$4 -> 0.65 | D11: =B11*C11 -> 222228.5 | E11: =Chain_Ladder!D22 -> 1.0586738 | F11: =1-1/E11 -> 0.055421998 | G11: =D11*F11 -> 12316.347 | H11: =Chain_Ladder!B22 -> 208008 | I11: =H11+G11 -> 220324.35 | J11: =I11-H11 -> 12316.347
A12: =Triangle_Data!A39 -> 1993 | B12: =Triangle_Data!B39 -> 355840 | C12: =$B$4 -> 0.65 | D12: =B12*C12 -> 231296 | E12: =Chain_Ladder!D23 -> 1.0984172 | F12: =1-1/E12 -> 0.089599082 | G12: =D12*F12 -> 20723.909 | H12: =Chain_Ladder!B23 -> 219345 | I12: =H12+G12 -> 240068.91 | J12: =I12-H12 -> 20723.909
A13: =Triangle_Data!A40 -> 1994 | B13: =Triangle_Data!B40 -> 379781 | C13: =$B$4 -> 0.65 | D13: =B13*C13 -> 246857.65 | E13: =Chain_Ladder!D24 -> 1.1708616 | F13: =1-1/E13 -> 0.14592806 | G13: =D13*F13 -> 36023.458 | H13: =Chain_Ladder!B24 -> 212446 | I13: =H13+G13 -> 248469.46 | J13: =I13-H13 -> 36023.458
A14: =Triangle_Data!A41 -> 1995 | B14: =Triangle_Data!B41 -> 398755 | C14: =$B$4 -> 0.65 | D14: =B14*C14 -> 259190.75 | E14: =Chain_Ladder!D25 -> 1.3342257 | F14: =1-1/E14 -> 0.25050163 | G14: =D14*F14 -> 64927.706 | H14: =Chain_Ladder!B25 -> 190974 | I14: =H14+G14 -> 255901.71 | J14: =I14-H14 -> 64927.706
A15: =Triangle_Data!A42 -> 1996 | B15: =Triangle_Data!B42 -> 406609 | C15: =$B$4 -> 0.65 | D15: =B15*C15 -> 264295.85 | E15: =Chain_Ladder!D26 -> 1.7136164 | F15: =1-1/E15 -> 0.41643881 | G15: =D15*F15 -> 110063.05 | H15: =Chain_Ladder!B26 -> 143590 | I15: =H15+G15 -> 253653.05 | J15: =I15-H15 -> 110063.05
A16: =Triangle_Data!A43 -> 1997 | B16: =Triangle_Data!B43 -> 406516 | C16: =$B$4 -> 0.65 | D16: =B16*C16 -> 264235.4 | E16: =Chain_Ladder!D27 -> 3.2910491 | F16: =1-1/E16 -> 0.69614552 | G16: =D16*F16 -> 183946.29 | H16: =Chain_Ladder!B27 -> 75827 | I16: =H16+G16 -> 259773.29 | J16: =I16-H16 -> 183946.29
A17: Total | B17: =SUM(B7:B16) -> 3543796 | D17: =SUM(D7:D16) -> 2303467.4 | G17: =SUM(G7:G16) -> 450395.32 | H17: =SUM(H7:H16) -> 1872675 | I17: =SUM(I7:I16) -> 2323070.3 | J17: =SUM(J7:J16) -> 450395.32
A19: Note: % Unreported is lowest for mature years (little left to develop) and highest for 1997 (only 1 of ~10 years of development observed) -- this is exactly why BF leans on the a priori ELR most heavily for the newest, least-credible accident years.

Sheet Summary
A1: Summary
A2: Chain-Ladder vs. Bornhuetter-Ferguson vs. Company's Booked Reserve
A4: Accident Year | B4: Paid-to- Date | C4: Chain-Ladder Reserve | D4: BF Reserve | E4: CL − BF Difference | F4: CL Ultimate Loss Ratio | G4: BF Ultimate Loss Ratio
A5: =Chain_Ladder!A18 -> 1988 | B5: =Chain_Ladder!B18 -> 193499 | C5: =Chain_Ladder!F18 -> 1934.99 | D5: =Bornhuetter_Ferguson!J7 -> 1843.0267 | E5: =C5-D5 -> 91.963267 | F5: =Chain_Ladder!E18/Bornhuetter_Ferguson!B7 -> 0.68243367 | G5: =Bornhuetter_Ferguson!I7/Bornhuetter_Ferguson!B7 -> 0.68211255
A6: =Chain_Ladder!A19 -> 1989 | B6: =Chain_Ladder!B19 -> 199997 | C6: =Chain_Ladder!F19 -> 5158.4257 | D6: =Bornhuetter_Ferguson!J8 -> 5048.6665 | E6: =C6-D6 -> 109.75918 | F6: =Chain_Ladder!E19/Bornhuetter_Ferguson!B8 -> 0.66413115 | G6: =Bornhuetter_Ferguson!I8/Bornhuetter_Ferguson!B8 -> 0.66377584
A7: =Chain_Ladder!A20 -> 1990 | B7: =Chain_Ladder!B20 -> 224078 | C7: =Chain_Ladder!F20 -> 7406.6742 | D7: =Bornhuetter_Ferguson!J9 -> 6790.4965 | E7: =C7-D7 -> 616.17768 | F7: =Chain_Ladder!E20/Bornhuetter_Ferguson!B9 -> 0.70898177 | G7: =Bornhuetter_Ferguson!I9/Bornhuetter_Ferguson!B9 -> 0.70709456
A8: =Chain_Ladder!A21 -> 1991 | B8: =Chain_Ladder!B21 -> 204911 | C8: =Chain_Ladder!F21 -> 8604.1554 | D8: =Bornhuetter_Ferguson!J10 -> 8712.3644 | E8: =C8-D8 -> -108.209 | F8: =Chain_Ladder!E21/Bornhuetter_Ferguson!B10 -> 0.64192689 | G8: =Bornhuetter_Ferguson!I10/Bornhuetter_Ferguson!B10 -> 0.64225222
A9: =Chain_Ladder!A22 -> 1992 | B9: =Chain_Ladder!B22 -> 208008 | C9: =Chain_Ladder!F22 -> 12204.624 | D9: =Bornhuetter_Ferguson!J11 -> 12316.347 | E9: =C9-D9 -> -111.7239 | F9: =Chain_Ladder!E22/Bornhuetter_Ferguson!B11 -> 0.64410373 | G9: =Bornhuetter_Ferguson!I11/Bornhuetter_Ferguson!B11 -> 0.64443051
A10: =Chain_Ladder!A23 -> 1993 | B10: =Chain_Ladder!B23 -> 219345 | C10: =Chain_Ladder!F23 -> 21587.314 | D10: =Bornhuetter_Ferguson!J12 -> 20723.909 | E10: =C10-D10 -> 863.4049 | F10: =Chain_Ladder!E23/Bornhuetter_Ferguson!B12 -> 0.67708047 | G10: =Bornhuetter_Ferguson!I12/Bornhuetter_Ferguson!B12 -> 0.67465408
A11: =Chain_Ladder!A24 -> 1994 | B11: =Chain_Ladder!B24 -> 212446 | C11: =Chain_Ladder!F24 -> 36298.854 | D11: =Bornhuetter_Ferguson!J13 -> 36023.458 | E11: =C11-D11 -> 275.39597 | F11: =Chain_Ladder!E24/Bornhuetter_Ferguson!B13 -> 0.65496919 | G11: =Bornhuetter_Ferguson!I13/Bornhuetter_Ferguson!B13 -> 0.65424405
A12: =Chain_Ladder!A25 -> 1995 | B12: =Chain_Ladder!B25 -> 190974 | C12: =Chain_Ladder!F25 -> 63828.423 | D12: =Bornhuetter_Ferguson!J14 -> 64927.706 | E12: =C12-D12 -> -1099.2832 | F12: =Chain_Ladder!E25/Bornhuetter_Ferguson!B14 -> 0.63899493 | G12: =Bornhuetter_Ferguson!I14/Bornhuetter_Ferguson!B14 -> 0.64175172
A13: =Chain_Ladder!A26 -> 1996 | B13: =Chain_Ladder!B26 -> 143590 | C13: =Chain_Ladder!F26 -> 102468.17 | D13: =Bornhuetter_Ferguson!J15 -> 110063.05 | E13: =C13-D13 -> -7594.8765 | F13: =Chain_Ladder!E26/Bornhuetter_Ferguson!B15 -> 0.60514689 | G13: =Bornhuetter_Ferguson!I15/Bornhuetter_Ferguson!B15 -> 0.62382547
A14: =Chain_Ladder!A27 -> 1997 | B14: =Chain_Ladder!B27 -> 75827 | C14: =Chain_Ladder!F27 -> 173723.38 | D14: =Bornhuetter_Ferguson!J16 -> 183946.29 | E14: =C14-D14 -> -10222.91 | F14: =Chain_Ladder!E27/Bornhuetter_Ferguson!B16 -> 0.61387591 | G14: =Bornhuetter_Ferguson!I16/Bornhuetter_Ferguson!B16 -> 0.63902353
A15: Total | B15: =SUM(B5:B14) -> 1872675 | C15: =SUM(C5:C14) -> 433215.01 | D15: =SUM(D5:D14) -> 450395.32 | E15: =SUM(E5:E14) -> -17180.302
A17: Company's Booked (Posted) Reserve, YE1997 | D17: =Triangle_Data!$B$47 -> 360657
A18: Chain-Ladder Reserve vs. Booked | D18: =C15-D17 -> 72558.013
A19: BF Reserve vs. Booked | D19: =D15-D17 -> 89738.315
A21: Both independent methods project a higher ultimate reserve need than the company's own booked reserve -- see Actuarial_Memo.pdf for the full interpretation and recommended action.
